UserID,Points
Dharshini123,5
Dharshini123,5
Dharshini123,5
Dharshini123,5
Dharshini123,5
Dharshini123,5
Dharshini123,5
Dharshini123,5
Dharshini123,5
Dharshini123,5
Dharshini123,5
Dharshini123,5
Dharshini123,5
Dharshini123,5
Dharshini123,5
Dharshini123,5
Dharshini123,5
Dharshini123,5
Dharshini123,5
Dharshini123,5
Dharshini123,5
Dharshini123,5
Dharshini123,5
Dharshini123,5
Dharshini123,5
Dharshini123,5
Dharshini123,5
Dharshini123,5
Dharshini123,5
Dharshini123,5
Dharshini123,5
Dharshini123,5
Dharshini123,5
Dharshini123,5
Dharshini123,5
Dharshini123,5
Dharshini123,5
Dharshini123,10
Dharshini123,10
Dharshini123,10
Dharshini123,10
Dharshini123,10
Dharshini123,10
Dharshini123,10
Dharshini123,10
Dharshini123,10
Dharshini123,10
Dharshini123,10
Dharshini123,5
Dharshini123,5
Dharshini123,5
Dharshini123,5
Dharshini123,5
Dharshini123,5
Dharshini123,5
Dharshini123,5
Dharshini123,5
Dharshini123,5
Dharshini123,5
Dharshini123,5
Dharshini123,5
Dharshini123,5
Dharshini123,5
Dharshini123,5
Dharshini123,5
Dharshini123,5
Dharshini123,5
Dharshini123,5
Dharshini123,5
Dharshini123,5
Dharshini123,5
Dharshini123,5
Dharshini123,5
Dharshini123,5
Dharshini123,5
Dharshini123,5
Dharshini123,5
Dharshini123,5
Dharshini123,5
Dharshini123,5
Dharshini123,5
Dharshini123,5
Dharshini123,5
Dharshini123,5
Dharshini123,5
Dharshini123,5
Dharshini123,5
Dharshini123,5
Dharshini123,5
Dharshini123,5
Dharshini123,5
Dharshini123,5
Dharshini123,5
Dharshini123,5
Dharshini123,5
Dharshini123,5
Dharshini123,5
Dharshini123,5
Dharshini123,5
Dharshini123,5
Dharshini123,5
Dharshini123,5
Dharshini123,5
Dharshini123,5
Dharshini123,5
Dharshini123,5
Dharshini123,5
Dharshini123,5
Dharshini123,5
Dharshini123,5
Dharshini123,5
Dharshini123,5
Dharshini123,5
Dharshini123,5
Dharshini123,10
Dharshini123,10
Dharshini123,10
Dharshini123,10
Dharshini123,10
Dharshini123,10
Dharshini123,10
Dharshini123,10
Dharshini123,10
Dharshini123,10
Dharshini123,10
Dharshini123,10
Dharshini123,10
Dharshini123,10
Dharshini123,10
Dharshini123,10
Dharshini123,10
Dharshini123,10
Dharshini123,10
Dharshini123,10
Dharshini123,10
Dharshini123,10
Dharshini123,10
Dharshini123,10
Dharshini123,10
Dharshini123,10
Dharshini123,10
Dharshini123,10
Dharshini123,10
Dharshini123,10
Dharshini123,10
Dharshini123,10
Dharshini123,10
Dharshini123,10
Dharshini123,10
Dharshini123,10
Dharshini123,10
Dharshini123,10
Dharshini123,10
Dharshini123,10
Dharshini123,10
Dharshini123,10
Dharshini123,10
Dharshini123,10
Dharshini123,10
Dharshini123,10
Dharshini123,10
Dharshini123,10
Dharshini123,10
Dharshini123,10
Dharshini123,10
Dharshini123,10
Dharshini123,10
Dharshini123,10
Dharshini123,10
Dharshini123,10
Dharshini123,10
Dharshini123,10
Dharshini123,10
Dharshini123,10
Dharshini123,10
Dharshini123,10
Dharshini123,10
Dharshini123,10
Dharshini123,10
Dharshini123,10
Dharshini123,10
Dharshini123,10
Dharshini123,10
Dharshini123,10
Dharshini123,10
Dharshini123,10
Dharshini123,10
Dharshini123,10
Dharshini123,10
Dharshini123,10
Dharshini123,10
Dharshini123,10
Dharshini123,10
Dharshini123,10
Dharshini123,10
Dharshini123,10
Dharshini123,10
Dharshini123,10
Dharshini123,10
Dharshini123,10
Dharshini123,10
Dharshini123,10
Dharshini123,10
Dharshini123,10
Dharshini123,10
Dharshini123,10
Dharshini123,10
Dharshini123,10
Dharshini123,10
Dharshini123,10
Dharshini123,10
Dharshini123,10
Dharshini123,10
Dharshini123,10
Dharshini123,10
Dharshini123,10
Dharshini123,10
Dharshini123,10
Dharshini123,10
Dharshini123,10
Dharshini123,10
Dharshini123,10
Dharshini123,10
Dharshini123,10
Dharshini123,10
Dharshini123,10
Dharshini123,10
Dharshini123,10
Dharshini123,10
Dharshini123,10
Dharshini123,10
Dharshini123,10
Dharshini123,10
Dharshini123,10
Dharshini123,10
Dharshini123,10
Dharshini123,10
Dharshini123,10
Dharshini123,10
Dharshini123,10
Dharshini123,10
Dharshini123,10
Dharshini123,10
Dharshini123,10
Dharshini123,10
Dharshini123,10
Dharshini123,10
Dharshini123,10
Dharshini123,10
Dharshini123,10
Dharshini123,10
Dharshini123,10
Dharshini123,10
Dharshini123,10
Dharshini123,10
Dharshini123,10
Dharshini123,10
Dharshini123,10
Dharshini123,10
Dharshini123,10
Dharshini123,10
Dharshini123,10
Dharshini123,10
Dharshini123,10
Dharshini123,10
Dharshini123,10
Dharshini123,10
Dharshini123,10
Dharshini123,10
Dharshini123,10
Dharshini123,10
Dharshini123,10
Dharshini123,10
Dharshini123,10
Dharshini123,10
Dharshini123,10
Dharshini123,10
Dharshini123,10
Dharshini123,10
Dharshini123,10
Dharshini123,10
Dharshini123,10
Dharshini123,10
Dharshini123,10
Dharshini123,10
Dharshini123,10
Dharshini123,10
Dharshini123,10
Dharshini123,10
Dharshini123,10
Dharshini123,10
Dharshini123,10
Dharshini123,10
Dharshini123,10
Dharshini123,10
Dharshini123,10
Dharshini123,10
Dharshini123,10
Dharshini123,10
Dharshini123,10
Dharshini123,10
Dharshini123,10
Dharshini123,10
Dharshini123,10
Dharshini123,10
Dharshini123,10
Dharshini123,10
Dharshini123,10
Dharshini123,10
Dharshini123,10
Dharshini123,10
Dharshini123,10
Dharshini123,10
Dharshini123,10
Dharshini123,10
Dharshini123,10
Dharshini123,10
Dharshini123,10
Dharshini123,10
Dharshini123,10
Dharshini123,10
Dharshini123,10
Dharshini123,10
Dharshini123,10
Dharshini123,10
Dharshini123,10
Dharshini123,10
Dharshini123,10
Dharshini123,10
Dharshini123,10
Dharshini123,10
Dharshini123,10
Dharshini123,10
Dharshini123,10
Dharshini123,10
Dharshini123,10
Dharshini123,10
Dharshini123,10
Dharshini123,10
Dharshini123,10
Dharshini123,10
Dharshini123,10
Dharshini123,10
Dharshini123,10
Dharshini123,10
Dharshini123,10
Dharshini123,10
Dharshini123,10
Dharshini123,10
Dharshini123,10
Dharshini123,10
Dharshini123,10
Dharshini123,10
Dharshini123,10
Dharshini123,10
Dharshini123,10
Dharshini123,10
Dharshini123,10
Dharshini123,10
Dharshini123,10
Dharshini123,10
Dharshini123,10
Dharshini123,10
Dharshini123,10
Dharshini123,10
Dharshini123,10
Dharshini123,10
Dharshini123,10
Dharshini123,10
Dharshini123,10
Dharshini123,10
Dharshini123,10
Dharshini123,10
Dharshini123,10
Dharshini123,10
Dharshini123,10
Dharshini123,10
Dharshini123,10
Dharshini123,10
Dharshini123,10
Dharshini123,10
Dharshini123,10
Dharshini123,10
Dharshini123,10
Dharshini123,10
Dharshini123,10
Dharshini123,10
Dharshini123,10
Dharshini123,10
Dharshini123,10
Dharshini123,10
Dharshini123,10
Dharshini123,10
Dharshini123,10
Dharshini123,10
Dharshini123,10
Dharshini123,10
Dharshini123,10
Dharshini123,10
Dharshini123,10
Dharshini123,10
Dharshini123,10
Dharshini123,10
Dharshini123,10
Dharshini123,10
Dharshini123,10
Dharshini123,10
Dharshini123,10
Dharshini123,10
Dharshini123,10
Dharshini123,10
Dharshini123,10
Dharshini123,10
Dharshini123,10
Dharshini123,10
Dharshini123,10
Dharshini123,10
Dharshini123,10
Dharshini123,10
Dharshini123,10
Dharshini123,10
Dharshini123,10
Dharshini123,10
Dharshini123,10
Dharshini123,10
Dharshini123,10
Dharshini123,10
Dharshini123,10
Dharshini123,10
Dharshini123,10
Dharshini123,10
Dharshini123,10
Dharshini123,10
Dharshini123,10
Dharshini123,10
Dharshini123,10
Dharshini123,10
Dharshini123,10
Dharshini123,10
Dharshini123,10
Dharshini123,10
Dharshini123,10
Dharshini123,10
Dharshini123,10
Dharshini123,10
Dharshini123,10
Dharshini123,10
Dharshini123,10
Dharshini123,10
Dharshini123,10
Dharshini123,10
Dharshini123,10
Dharshini123,10
Dharshini123,10
Dharshini123,10
Dharshini123,10
Dharshini123,10
Dharshini123,10
Dharshini123,10
Dharshini123,10
Dharshini123,10
Dharshini123,10
Dharshini123,10
Dharshini123,10
Dharshini123,10
Dharshini123,10
Dharshini123,10
Dharshini123,10
Dharshini123,10
Dharshini123,10
Dharshini123,10
Dharshini123,10
Dharshini123,10
Dharshini123,10
Dharshini123,10
Dharshini123,10
Dharshini123,10
Dharshini123,10
Dharshini123,10
Dharshini123,10
Dharshini123,10
Dharshini123,10
Dharshini123,10
Dharshini123,10
Dharshini123,10
Dharshini123,10
Dharshini123,10
Dharshini123,10
Dharshini123,10
Dharshini123,10
Dharshini123,10
Dharshini123,10
Dharshini123,10
Dharshini123,10
Dharshini123,10
Dharshini123,10
Dharshini123,10
Dharshini123,10
Dharshini123,10
Dharshini123,10
Dharshini123,10
Dharshini123,10
Dharshini123,10
Dharshini123,10
Dharshini123,10
Dharshini123,10
Dharshini123,10
Dharshini123,10
Dharshini123,10
Dharshini123,10
Dharshini123,10
Dharshini123,10
Dharshini123,10
Dharshini123,10
Dharshini123,10
Dharshini123,10
Dharshini123,10
Dharshini123,10
Dharshini123,10
Dharshini123,10
Dharshini123,10
Dharshini123,10
Dharshini123,10
Dharshini123,10
Dharshini123,10
Dharshini123,10
Dharshini123,10
Dharshini123,10
Dharshini123,10
Dharshini123,10
Dharshini123,10
Dharshini123,10
Dharshini123,10
Dharshini123,10
Dharshini123,10
Dharshini123,10
Dharshini123,10
Dharshini123,10
Dharshini123,10
Dharshini123,10
Dharshini123,10
Dharshini123,10
Dharshini123,10
Dharshini123,10
Dharshini123,10
Dharshini123,10
Dharshini123,10
Dharshini123,10
Dharshini123,10
Dharshini123,10
Dharshini123,10
Dharshini123,10
Dharshini123,10
Dharshini123,10
Dharshini123,10
Dharshini123,10
Dharshini123,10
Dharshini123,5
Dharshini123,5
Dharshini123,5
Dharshini123,5
Dharshini123,5
Dharshini123,5
Dharshini123,5
Dharshini123,5
Dharshini123,5
Dharshini123,5
Dharshini123,10
Dharshini123,10
Dharshini123,10
Dharshini123,10
Dharshini123,5
Dharshini123,5
Dharshini123,5
Dharshini123,5
Dharshini123,5
Dharshini123,5
Dharshini123,5
Dharshini123,5
Dharshini123,10
Dharshini123,10
Dharshini123,5
Dharshini123,5
Dharshini123,5
Dharshini123,5
Dharshini123,5
Dharshini123,5
Dharshini123,5
Dharshini123,5
Dharshini123,5
Dharshini123,5
Dharshini123,5
Dharshini123,10
Dharshini123,5
Dharshini123,5
Dharshini123,5
Dharshini123,5
Dharshini123,5
Dharshini123,5
Dharshini123,5
Dharshini123,5
Dharshini123,5
Dharshini123,10
Dharshini123,10
Dharshini123,5
Dharshini123,5
Dharshini123,10
Dharshini123,10
Dharshini123,10
Dharshini123,5
Dharshini123,5
Dharshini123,5
Dharshini123,5
Dharshini123,5
Dharshini123,5
Dharshini123,5
Dharshini123,5
Dharshini123,5
Dharshini123,5
Dharshini123,5
Dharshini123,5
Dharshini123,5
Dharshini123,5
Dharshini123,5
Dharshini123,5
Dharshini123,5
Dharshini123,5
Dharshini123,5
Dharshini123,5
Dharshini123,5
Dharshini123,5
Dharshini123,5
Dharshini123,5
Dharshini123,5
Dharshini123,5
Dharshini123,5
Dharshini123,5
Dharshini123,5
Dharshini123,5
Dharshini123,5
Dharshini123,5
Dharshini123,5
Dharshini123,5
Dharshini123,5
Dharshini123,5
Dharshini123,5
Dharshini123,5
Dharshini123,5
Dharshini123,5
Dharshini123,5
Dharshini123,5
Dharshini123,5
Dharshini123,5
Dharshini123,5
Dharshini123,5
Dharshini123,5
Dharshini123,5
Dharshini123,10
Dharshini123,10
Dharshini123,10
Dharshini123,10
Dharshini123,10
Dharshini123,10
Dharshini123,5
Dharshini123,5
Dharshini123,5
Dharshini123,5
Dharshini123,5
Dharshini123,5
Dharshini123,5
Dharshini123,5
Dharshini123,5
Dharshini123,5
Dharshini123,5
Dharshini123,5
Dharshini123,5
Dharshini123,5
Dharshini123,5
Dharshini123,5
Dharshini123,5
Dharshini123,5
Dharshini123,5
Dharshini123,10
Dharshini123,10
Dharshini123,5
Dharshini123,10
Dharshini123,5
Dharshini123,5
Dharshini123,5
Dharshini123,5
Dharshini123,5
Dharshini123,5
Dharshini123,10
Dharshini123,10
Dharshini123,5
Dharshini123,5
Dharshini123,5
Dharshini123,5
Dharshini123,5
Dharshini123,5
Dharshini123,5
Dharshini123,5
Dharshini123,5
Dharshini123,5
Dharshini123,5
Dharshini123,5
Dharshini123,5
Dharshini123,5
Dharshini123,5
Dharshini123,5
Dharshini123,5
Dharshini123,5
Dharshini123,5
Dharshini123,5
Dharshini123,5
Dharshini123,5
Dharshini123,5
Dharshini123,5
Dharshini123,5
Dharshini123,5
Dharshini123,5
Dharshini123,5
Dharshini123,5
Dharshini123,5
Dharshini123,5
Dharshini123,5
Dharshini123,5
Dharshini123,5
Dharshini123,5
Dharshini123,5
Dharshini123,5
Dharshini123,5
Dharshini123,5
Dharshini123,5
Dharshini123,5
Dharshini123,5
Dharshini123,5
Dharshini123,5
Dharshini123,5
Dharshini123,5
Dharshini123,5
Dharshini123,5
Dharshini123,5
Dharshini123,5
Dharshini123,5
Dharshini123,5
Dharshini123,5
Dharshini123,5
Dharshini123,5
Dharshini123,5
Dharshini123,5
Dharshini123,5
Dharshini123,5
Dharshini123,5
Dharshini123,5
Dharshini123,5
Dharshini123,5
Dharshini123,5
Dharshini123,5
Dharshini123,5
Dharshini123,5
Dharshini123,5
Dharshini123,5
Dharshini123,5
Dharshini123,5
Dharshini123,5
Dharshini123,5
Dharshini123,5
Dharshini123,5
Dharshini123,5
Dharshini123,5
Dharshini123,5
Dharshini123,5
Dharshini123,5
Dharshini123,5
Dharshini123,5
Dharshini123,5
Dharshini123,5
Dharshini123,5
Dharshini123,5
Dharshini123,5
Dharshini123,5
Dharshini123,5
Dharshini123,5
Dharshini123,5
Dharshini123,5
Dharshini123,5
Dharshini123,5
Dharshini123,5
Dharshini123,5
Dharshini123,5
Dharshini123,5
Dharshini123,5
Dharshini123,5
Dharshini123,5
Dharshini123,5
Dharshini123,5
Dharshini123,5
Dharshini123,5
Dharshini123,5
Dharshini123,5
Dharshini123,5
Dharshini123,5
Dharshini123,5
Dharshini123,5
Dharshini123,5
Dharshini123,5
Dharshini123,5
Dharshini123,5
Dharshini123,5
Dharshini123,5
Dharshini123,5
Dharshini123,5
Dharshini123,5
Dharshini123,5
Dharshini123,5
Dharshini123,5
Dharshini123,5
Dharshini123,5
Dharshini123,5
Dharshini123,5
Dharshini123,10
Dharshini123,10
Dharshini123,10
Dharshini123,5
Dharshini123,5
Dharshini123,5
Dharshini123,5
Dharshini123,5
Dharshini123,5
Dharshini123,5
Dharshini123,5
Dharshini123,5
Dharshini123,5
Dharshini123,5
Dharshini123,5
Dharshini123,5
Dharshini123,5
Dharshini123,5
Dharshini123,5
Dharshini123,5
Dharshini123,5
Dharshini123,5
Dharshini123,5
Dharshini123,5
Dharshini123,5
Dharshini123,5
Dharshini123,5
Dharshini123,5
Dharshini123,5
Dharshini123,5
Dharshini123,5
Dharshini123,5
Dharshini123,5
Dharshini123,5
Dharshini123,5
Dharshini123,5
Dharshini123,5
Dharshini123,5
Dharshini123,5
Dharshini123,5
Dharshini123,5
Dharshini123,5
Dharshini123,5
Dharshini123,5
Dharshini123,5
Dharshini123,5
Dharshini123,5
Dharshini123,5
Dharshini123,5
Dharshini123,10
Dharshini123,5
Dharshini123,10
Dharshini123,5
Dharshini123,5
Dharshini123,5
Dharshini123,5
Dharshini123,5
Dharshini123,5
Dharshini123,5
Dharshini123,5
Dharshini123,5
Dharshini123,5
Dharshini123,5
Dharshini123,5
Dharshini123,5
Dharshini123,5
Dharshini123,5
Dharshini123,5
Dharshini123,5
Dharshini123,5
Dharshini123,10
Dharshini123,10
Dharshini123,10
Dharshini123,10
Dharshini123,10
Dharshini123,10
Dharshini123,10
Dharshini123,10
Dharshini123,5
Dharshini123,5
Dharshini123,5
Dharshini123,5
Dharshini123,5
Dharshini123,5
Dharshini123,5
Dharshini123,5
Dharshini123,5
Dharshini123,5
Dharshini123,5
Dharshini123,5
Dharshini123,5
Dharshini123,5
Dharshini123,5
Dharshini123,5
Dharshini123,5
Dharshini123,5
Dharshini123,5
Dharshini123,5
Dharshini123,5
Dharshini123,5
Dharshini123,5
Dharshini123,5
Dharshini123,5
Dharshini123,5
Dharshini123,5
Dharshini123,5
Dharshini123,5
Dharshini123,5
Dharshini123,5
Dharshini123,5
Dharshini123,5
Dharshini123,5
Dharshini123,5
Dharshini123,5
Dharshini123,5
Dharshini123,5
Dharshini123,5
Dharshini123,5
Dharshini123,5
Dharshini123,5
Dharshini123,5
Dharshini123,5
Dharshini123,5
Dharshini123,5
Dharshini123,5
Dharshini123,5
Dharshini123,5
Dharshini123,5
Dharshini123,5
Dharshini123,5
Dharshini123,5
Dharshini123,10
Dharshini123,5
Dharshini123,5
Dharshini123,10
Dharshini123,10
Dharshini123,10
Dharshini123,10
Dharshini123,5
Dharshini123,5
Dharshini123,5
Dharshini123,5
Dharshini123,5
Dharshini123,5
Dharshini123,5
Dharshini123,5
Dharshini123,5
Dharshini123,5
Dharshini123,5
Dharshini123,5
Dharshini123,5
Dharshini123,5
Dharshini123,5
Dharshini123,5
Dharshini123,5
Dharshini123,5
Dharshini123,5
Dharshini123,5
Dharshini123,5
Dharshini123,5
Dharshini123,5
Dharshini123,5
Dharshini123,5
Dharshini123,5
Dharshini123,5
Dharshini123,5
Dharshini123,5
Dharshini123,5
Dharshini123,5
Dharshini123,5
Dharshini123,5
Dharshini123,5
Dharshini123,5
Dharshini123,5
Dharshini123,5
Dharshini123,5
Dharshini123,5
Dharshini123,10
Dharshini123,10
Dharshini123,10
Dharshini123,10
Dharshini123,10
Dharshini123,5
Dharshini123,5
Dharshini123,5
Dharshini123,5
Dharshini123,5
Dharshini123,5
Dharshini123,5
Dharshini123,5
Dharshini123,5
Dharshini123,5
Dharshini123,5
Dharshini123,5
Dharshini123,5
Dharshini123,5
Dharshini123,5
Dharshini123,5
Dharshini123,5
Dharshini123,5
Dharshini123,5
Dharshini123,5
Dharshini123,5
Dharshini123,5
Dharshini123,5
Dharshini123,5
Dharshini123,5
Dharshini123,5
Dharshini123,5
Dharshini123,5
Dharshini123,5
Dharshini123,5
Dharshini123,5
Dharshini123,5
Dharshini123,5
Dharshini123,5
Dharshini123,5
Dharshini123,5
Dharshini123,5
Dharshini123,5
Dharshini123,5
Dharshini123,5
Dharshini123,5
Dharshini123,5
Dharshini123,5
Dharshini123,5
Dharshini123,5
Dharshini123,5
Dharshini123,5
Dharshini123,5
Dharshini123,5
Dharshini123,5
Dharshini123,5
Dharshini123,5
Dharshini123,10
Dharshini123,10
Dharshini123,10
Dharshini123,10
Dharshini123,10
Dharshini123,10
Dharshini123,10
Dharshini123,10
Dharshini123,10
Dharshini123,5
Dharshini123,5
Dharshini123,5
Dharshini123,5
Dharshini123,5
Dharshini123,5
Dharshini123,5
Dharshini123,5
Dharshini123,5
Dharshini123,5
Dharshini123,5
Dharshini123,5
Dharshini123,5
Dharshini123,5
Dharshini123,5
Dharshini123,5
Dharshini123,5
Dharshini123,5
Dharshini123,5
Dharshini123,5
Dharshini123,5
Dharshini123,5
Dharshini123,5
Dharshini123,5
Dharshini123,5
Dharshini123,5
Dharshini123,5
Dharshini123,5
Dharshini123,5
Dharshini123,5
Dharshini123,5
Dharshini123,10
Dharshini123,10
Dharshini123,5
Dharshini123,5
Dharshini123,5
Dharshini123,5
Dharshini123,5
Dharshini123,5
Dharshini123,5
Dharshini123,5
Dharshini123,5
Dharshini123,5
Dharshini123,5
Dharshini123,5
Dharshini123,5
Dharshini123,5
Dharshini123,5
Dharshini123,5
Dharshini123,5
Dharshini123,5
Dharshini123,5
Dharshini123,5
Dharshini123,5
Dharshini123,5
Dharshini123,5
Dharshini123,5
Dharshini123,5
Dharshini123,5
Dharshini123,5
Dharshini123,5
Dharshini123,5
Dharshini123,5
Dharshini123,5
Dharshini123,5
Dharshini123,5
Dharshini123,5
Dharshini123,5
Dharshini123,5
Dharshini123,5
Dharshini123,5
Dharshini123,5
Dharshini123,5
Dharshini123,5
Dharshini123,5
Dharshini123,5
Dharshini123,5
Dharshini123,5
Dharshini123,5
Dharshini123,5
Dharshini123,5
Dharshini123,5
Dharshini123,5
Dharshini123,5
Dharshini123,5
Dharshini123,5
Dharshini123,5
Dharshini123,5
Dharshini123,5
Dharshini123,5
Dharshini123,5
Dharshini123,5
Dharshini123,5
Dharshini123,5
Dharshini123,5
Dharshini123,5
Dharshini123,5
Dharshini123,5
Dharshini123,5
Dharshini123,5
Dharshini123,5
Dharshini123,5
Dharshini123,5
Dharshini123,5
Dharshini123,5
Dharshini123,5
Dharshini123,5
Dharshini123,5
Dharshini123,5
Dharshini123,5
Dharshini123,5
Dharshini123,10
Dharshini123,10
Dharshini123,5
Dharshini123,5
Dharshini123,5
Dharshini123,5
Dharshini123,5
Dharshini123,5
Dharshini123,5
Dharshini123,5
Dharshini123,5
Dharshini123,5
Dharshini123,5
Dharshini123,5
Dharshini123,5
Dharshini123,5
Dharshini123,5
Dharshini123,5
Dharshini123,5
Dharshini123,5
Dharshini123,5
Dharshini123,5
Dharshini123,5
Dharshini123,5
Dharshini123,5
Dharshini123,5
Dharshini123,5
Dharshini123,5
Dharshini123,5
Dharshini123,5
Dharshini123,5
Dharshini123,5
Dharshini123,5
Dharshini123,5
Dharshini123,5
Dharshini123,5
Dharshini123,5
Dharshini123,5
Dharshini123,5
Dharshini123,5
Dharshini123,5
Dharshini123,5
Dharshini123,5
Dharshini123,5
Dharshini123,5
Dharshini123,5
Dharshini123,5
Dharshini123,5
Dharshini123,5
Dharshini123,5
Dharshini123,5
Dharshini123,5
Dharshini123,5
Dharshini123,5
Dharshini123,5
Dharshini123,5
Dharshini123,5
Dharshini123,5
Dharshini123,5
Dharshini123,5
Dharshini123,5
Dharshini123,5
Dharshini123,5
Dharshini123,5
Dharshini123,5
Dharshini123,5
Dharshini123,5
Dharshini123,5
Dharshini123,5
Dharshini123,5
Dharshini123,5
Dharshini123,5
Dharshini123,5
Dharshini123,5
Dharshini123,5
Dharshini123,5
Dharshini123,5
Dharshini123,5
Dharshini123,5
Dharshini123,5
Dharshini123,5
Dharshini123,5
Dharshini123,5
Dharshini123,5
Dharshini123,5
Dharshini123,5
Dharshini123,5
Dharshini123,5
Dharshini123,5
Dharshini123,5
Dharshini123,5
Dharshini123,5
Dharshini123,5
Dharshini123,5
Dharshini123,5
Dharshini123,5
Dharshini123,5
Dharshini123,5
Dharshini123,5
Dharshini123,5
Dharshini123,5
Dharshini123,5
Dharshini123,5
Dharshini123,5
Dharshini123,5
Dharshini123,5
Dharshini123,5
Dharshini123,5
Dharshini123,5
Dharshini123,5
Dharshini123,5
Dharshini123,5
Dharshini123,5
Dharshini123,5
Dharshini123,5
Dharshini123,5
Dharshini123,5
Dharshini123,5
Dharshini123,5
Dharshini123,5
Dharshini123,5
Dharshini123,5
Dharshini123,5
Dharshini123,5
Dharshini123,5
Dharshini123,5
Dharshini123,5
Dharshini123,5
Dharshini123,5
Dharshini123,5
Dharshini123,5
Dharshini123,5
Dharshini123,5
Dharshini123,5
Dharshini123,5
Dharshini123,5
Dharshini123,5
Dharshini123,5
Dharshini123,5
Dharshini123,5
Dharshini123,5
Dharshini123,5
Dharshini123,5
Dharshini123,5
Dharshini123,5
Dharshini123,5
Dharshini123,5
Dharshini123,5
Dharshini123,5
Dharshini123,5
Dharshini123,5
Dharshini123,5
Dharshini123,5
Dharshini123,5
Dharshini123,5
Dharshini123,5
Dharshini123,5
Dharshini123,5
Dharshini123,5
Dharshini123,5
Dharshini123,5
Dharshini123,5
Dharshini123,5
Dharshini123,5
Dharshini123,5
Dharshini123,5
Dharshini123,5
Dharshini123,5
Dharshini123,5
Dharshini123,5
Dharshini123,5
Dharshini123,5
Dharshini123,5
Dharshini123,5
Dharshini123,5
Dharshini123,5
Dharshini123,5
Dharshini123,5
Dharshini123,10
Dharshini123,10
Dharshini123,10
Dharshini123,10
Dharshini123,10
Dharshini123,10
Dharshini123,10
Dharshini123,10
Dharshini123,10
Dharshini123,10
Dharshini123,10
Dharshini123,10
Dharshini123,10
Dharshini123,10
Dharshini123,10
Dharshini123,10
Dharshini123,10
Dharshini123,10
Dharshini123,10
Dharshini123,10
Dharshini123,10
Dharshini123,10
Dharshini123,10
Dharshini123,10
Dharshini123,10
Dharshini123,10
Dharshini123,10
Dharshini123,10
Dharshini123,10
Dharshini123,10
Dharshini123,10
Dharshini123,10
Dharshini123,10
Dharshini123,10
Dharshini123,10
Dharshini123,10
Dharshini123,10
Dharshini123,10
Dharshini123,10
Dharshini123,10
Dharshini123,10
Dharshini123,10
Dharshini123,10
Dharshini123,10
Dharshini123,10
Dharshini123,10
Dharshini123,10
Dharshini123,10
Dharshini123,10
Dharshini123,10
Dharshini123,10
Dharshini123,10
Dharshini123,10
Dharshini123,10
Dharshini123,10
Dharshini123,10
Dharshini123,10
Dharshini123,10
Dharshini123,10
Dharshini123,10
Dharshini123,10
Dharshini123,10
Dharshini123,10
Dharshini123,10
Dharshini123,10
Dharshini123,10
Dharshini123,10
Dharshini123,10
Dharshini123,10
Dharshini123,10
Dharshini123,10
Dharshini123,10
Dharshini123,10
Dharshini123,10
Dharshini123,10
Dharshini123,10
Dharshini123,10
Dharshini123,10
Dharshini123,10
Dharshini123,10
Dharshini123,10
Dharshini123,10
Dharshini123,10
Dharshini123,10
Dharshini123,10
Dharshini123,10
Dharshini123,10
Dharshini123,10
Dharshini123,10
Dharshini123,10
Dharshini123,10
Dharshini123,10
Dharshini123,10
Dharshini123,10
Dharshini123,10
Dharshini123,10
Dharshini123,10
Dharshini123,10
Dharshini123,10
Dharshini123,10
Dharshini123,10
Dharshini123,10
Dharshini123,10
Dharshini123,10
Dharshini123,10
Dharshini123,10
Dharshini123,10
Dharshini123,10
Dharshini123,10
Dharshini123,10
Dharshini123,10
Dharshini123,10
Dharshini123,10
Dharshini123,10
Dharshini123,10
Dharshini123,10
Dharshini123,10
Dharshini123,10
Dharshini123,10
Dharshini123,10
Dharshini123,10
Dharshini123,10
Dharshini123,10
Dharshini123,10
Dharshini123,10
Dharshini123,10
Dharshini123,10
Dharshini123,10
Dharshini123,10
Dharshini123,10
Dharshini123,10
Dharshini123,10
Dharshini123,10
Dharshini123,10
Dharshini123,10
Dharshini123,10
Dharshini123,10
Dharshini123,10
Dharshini123,10
Dharshini123,10
Dharshini123,10
Dharshini123,10
Dharshini123,10
Dharshini123,10
Dharshini123,10
Dharshini123,10
Dharshini123,10
Dharshini123,10
Dharshini123,10
Dharshini123,10
Dharshini123,10
Dharshini123,10
Dharshini123,10
Dharshini123,10
Dharshini123,10
Dharshini123,10
Dharshini123,10
Dharshini123,10
Dharshini123,10
Dharshini123,10
Dharshini123,10
Dharshini123,10
Dharshini123,10
Dharshini123,10
Dharshini123,10
Dharshini123,10
Dharshini123,10
Dharshini123,10
Dharshini123,10
Dharshini123,10
Dharshini123,10
Dharshini123,10
Dharshini123,10
Dharshini123,10
Dharshini123,10
Dharshini123,10
Dharshini123,10
Dharshini123,10
Dharshini123,10
Dharshini123,10
Dharshini123,10
Dharshini123,10
Dharshini123,10
Dharshini123,10
Dharshini123,10
Dharshini123,10
Dharshini123,10
Dharshini123,10
Dharshini123,10
Dharshini123,10
Dharshini123,10
Dharshini123,10
Dharshini123,10
Dharshini123,10
Dharshini123,10
Dharshini123,10
Dharshini123,10
Dharshini123,10
Dharshini123,10
Dharshini123,10
Dharshini123,10
Dharshini123,10
Dharshini123,10
Dharshini123,10
Dharshini123,10
Dharshini123,10
Dharshini123,10
Dharshini123,10
Dharshini123,10
Dharshini123,10
Dharshini123,10
Dharshini123,10
Dharshini123,10
Dharshini123,10
Dharshini123,10
Dharshini123,10
Dharshini123,10
Dharshini123,10
Dharshini123,10
Dharshini123,10
Dharshini123,10
Dharshini123,10
Dharshini123,10
Dharshini123,10
Dharshini123,10
Dharshini123,10
Dharshini123,10
Dharshini123,10
Dharshini123,10
Dharshini123,10
Dharshini123,10
Dharshini123,10
Dharshini123,10
Dharshini123,10
Dharshini123,10
Dharshini123,10
Dharshini123,10
Dharshini123,10
Dharshini123,10
Dharshini123,10
Dharshini123,10
Dharshini123,10
Dharshini123,10
Dharshini123,10
Dharshini123,10
Dharshini123,10
Dharshini123,10
Dharshini123,10
Dharshini123,10
Dharshini123,10
Dharshini123,10
Dharshini123,10
Dharshini123,10
Dharshini123,10
Dharshini123,10
Dharshini123,10
Dharshini123,10
Dharshini123,10
Dharshini123,10
Dharshini123,10
Dharshini123,10
Dharshini123,10
Dharshini123,10
Dharshini123,10
Dharshini123,10
Dharshini123,10
Dharshini123,10
Dharshini123,10
Dharshini123,10
Dharshini123,10
Dharshini123,10
Dharshini123,10
Dharshini123,10
Dharshini123,10
Dharshini123,10
Dharshini123,10
Dharshini123,10
Dharshini123,10
Dharshini123,10
Dharshini123,10
Dharshini123,10
Dharshini123,10
Dharshini123,10
Dharshini123,10
Dharshini123,10
Dharshini123,10
Dharshini123,10
Dharshini123,10
Dharshini123,10
Dharshini123,10
Dharshini123,10
Dharshini123,10
Dharshini123,10
Dharshini123,10
Dharshini123,10
Dharshini123,10
Dharshini123,10
Dharshini123,10
Dharshini123,10
Dharshini123,10
Dharshini123,10
Dharshini123,10
Dharshini123,10
Dharshini123,10
Dharshini123,10
Dharshini123,10
Dharshini123,10
Dharshini123,10
Dharshini123,10
Dharshini123,10
Dharshini123,5
Dharshini123,5
Dharshini123,5
Dharshini123,5
Dharshini123,5
Dharshini123,5
Dharshini123,5
Dharshini123,10
Dharshini123,10
Dharshini123,10
Dharshini123,5
Dharshini123,5
Dharshini123,5
Dharshini123,5
Dharshini123,10
Dharshini123,10
Dharshini123,10
Dharshini123,10
Dharshini123,10
Dharshini123,10
Dharshini123,10
Dharshini123,10
Dharshini123,10
Dharshini123,5
Dharshini123,5
Dharshini123,5
Dharshini123,5
Dharshini123,5
Dharshini123,5
Dharshini123,5
Dharshini123,5
Dharshini123,5
Dharshini123,5
Dharshini123,5
Dharshini123,5
Dharshini123,5
Dharshini123,5
Dharshini123,5
Dharshini123,5
Dharshini123,5
Dharshini123,5
Dharshini123,5
Dharshini123,5
Dharshini123,5
Dharshini123,5
Dharshini123,5
Dharshini123,5
Dharshini123,5
Dharshini123,5
Dharshini123,5
Dharshini123,5
Dharshini123,5
Dharshini123,5
Dharshini123,5
Dharshini123,5
Dharshini123,5
Dharshini123,5
Dharshini123,5
Dharshini123,5
Dharshini123,5
Dharshini123,5
Dharshini123,5
Dharshini123,5
Dharshini123,5
Dharshini123,5
Dharshini123,5
Dharshini123,5
Dharshini123,5
Dharshini123,5
Dharshini123,5
Dharshini123,5
Dharshini123,5
Dharshini123,5
Dharshini123,5
Dharshini123,5
Dharshini123,5
Dharshini123,5
Dharshini123,5
Dharshini123,5
Dharshini123,5
Dharshini123,5
Dharshini123,5
Dharshini123,5
Dharshini123,5
Dharshini123,5
Dharshini123,5
Dharshini123,5
Dharshini123,5
Dharshini123,5
Dharshini123,5
Dharshini123,5
Dharshini123,5
Dharshini123,5
Dharshini123,5
Dharshini123,5
Dharshini123,5
Dharshini123,5
Dharshini123,5
Dharshini123,5
Dharshini123,5
Dharshini123,5
Dharshini123,5
Dharshini123,5
Dharshini123,5
Dharshini123,5
Dharshini123,5
Dharshini123,5
Dharshini123,5
Dharshini123,5
Dharshini123,5
Dharshini123,5
Dharshini123,5
Dharshini123,5
Dharshini123,5
Dharshini123,5
Dharshini123,5
Dharshini123,5
Dharshini123,5
Dharshini123,5
Dharshini123,5
Dharshini123,5
Dharshini123,5
Dharshini123,5
Dharshini123,5
Dharshini123,5
Dharshini123,5
Dharshini123,5
Dharshini123,5
Dharshini123,5
Dharshini123,5
Dharshini123,5
Dharshini123,5
Dharshini123,5
Dharshini123,5
Dharshini123,5
Dharshini123,5
Dharshini123,5
Dharshini123,5
Dharshini123,5
Dharshini123,5
Dharshini123,5
Dharshini123,5
Dharshini123,5
Dharshini123,5
Dharshini123,5
Dharshini123,5
Dharshini123,5
Dharshini123,5
Dharshini123,5
Dharshini123,5
Dharshini123,5
Dharshini123,5
Dharshini123,5
Dharshini123,5
Dharshini123,5
Dharshini123,5
Dharshini123,5
Dharshini123,5
Dharshini123,5
Dharshini123,5
Dharshini123,5
Dharshini123,5
Dharshini123,5
Dharshini123,5
Dharshini123,5
Dharshini123,5
Dharshini123,5
Dharshini123,5
Dharshini123,5
Dharshini123,5
Dharshini123,5
Dharshini123,5
Dharshini123,5
Dharshini123,5
Dharshini123,5
Dharshini123,5
Dharshini123,5
Dharshini123,5
Dharshini123,5
Dharshini123,5
Dharshini123,5
Dharshini123,5
Dharshini123,5
Dharshini123,5
Dharshini123,5
Dharshini123,5
Dharshini123,5
Dharshini123,5
Dharshini123,5
Dharshini123,5
Dharshini123,5
Dharshini123,5
Dharshini123,5
Dharshini123,5
Dharshini123,5
Dharshini123,5
Dharshini123,5
Dharshini123,5
Dharshini123,5
Dharshini123,5
Dharshini123,5
Dharshini123,5
Dharshini123,5
Dharshini123,5
Dharshini123,5
Dharshini123,5
Dharshini123,5
Dharshini123,5
Dharshini123,5
Dharshini123,5
Dharshini123,5
Dharshini123,5
Dharshini123,5
Dharshini123,5
Dharshini123,5
Dharshini123,5
Dharshini123,5
Dharshini123,5
Dharshini123,5
Dharshini123,5
Dharshini123,5
Dharshini123,5
Dharshini123,5
Dharshini123,5
Dharshini123,5
Dharshini123,5
Dharshini123,5
Dharshini123,5
Dharshini123,5
Dharshini123,5
Dharshini123,5
Dharshini123,5
Dharshini123,5
Dharshini123,5
Dharshini123,5
Dharshini123,5
Dharshini123,5
Dharshini123,5
Dharshini123,5
Dharshini123,5
Dharshini123,5
Dharshini123,5
Dharshini123,5
Dharshini123,5
Dharshini123,5
Dharshini123,5
Dharshini123,5
Dharshini123,5
Dharshini123,5
Dharshini123,5
Dharshini123,5
Dharshini123,5
Dharshini123,5
Dharshini123,5
Dharshini123,5
Dharshini123,5
Dharshini123,5
Dharshini123,5
Dharshini123,5
Dharshini123,5
Dharshini123,5
Dharshini123,5
Dharshini123,5
Dharshini123,5
Dharshini123,5
Dharshini123,5
Dharshini123,5
Dharshini123,5
Dharshini123,5
Dharshini123,5
Dharshini123,5
Dharshini123,5
Dharshini123,5
Dharshini123,5
Dharshini123,5
Dharshini123,5
Dharshini123,5
Dharshini123,5
Dharshini123,5
Dharshini123,5
Dharshini123,5
Dharshini123,5
Dharshini123,5
Dharshini123,5
Dharshini123,5
Dharshini123,5
Dharshini123,5
Dharshini123,5
Dharshini123,5
Dharshini123,5
Dharshini123,5
Dharshini123,5
Dharshini123,5
Dharshini123,5
Dharshini123,5
Dharshini123,5
Dharshini123,5
Dharshini123,5
Dharshini123,5
Dharshini123,5
Dharshini123,5
Dharshini123,5
Dharshini123,5
Dharshini123,5
Dharshini123,5
Dharshini123,5
Dharshini123,5
Dharshini123,5
Dharshini123,5
Dharshini123,5
Dharshini123,5
Dharshini123,5
Dharshini123,5
Dharshini123,5
Dharshini123,5
Dharshini123,5
Dharshini123,5
Dharshini123,5
Dharshini123,5
Dharshini123,5
Dharshini123,5
Dharshini123,5
Dharshini123,5
Dharshini123,5
Dharshini123,5
Dharshini123,5
Dharshini123,5
Dharshini123,5
Dharshini123,5
Dharshini123,5
Dharshini123,5
Dharshini123,5
Dharshini123,5
Dharshini123,5
Dharshini123,5
Dharshini123,5
Dharshini123,5
Dharshini123,5
Dharshini123,5
Dharshini123,5
Dharshini123,5
Dharshini123,5
Dharshini123,5
Dharshini123,5
Dharshini123,5
Dharshini123,5
Dharshini123,5
Dharshini123,5
Dharshini123,5
Dharshini123,5
Dharshini123,5
Dharshini123,5
Dharshini123,5
Dharshini123,5
Dharshini123,5
Dharshini123,5
Dharshini123,5
Dharshini123,5
Dharshini123,5
Dharshini123,5
Dharshini123,5
Dharshini123,5
Dharshini123,5
Dharshini123,5
Dharshini123,5
Dharshini123,5
Dharshini123,5
Dharshini123,5
Dharshini123,5
Dharshini123,5
Dharshini123,5
Dharshini123,5
Dharshini123,5
Dharshini123,5
Dharshini123,5
Dharshini123,5
Dharshini123,5
Dharshini123,5
Dharshini123,5
Dharshini123,5
Dharshini123,5
Dharshini123,5
Dharshini123,5
Dharshini123,5
Dharshini123,10
Dharshini123,10
Dharshini123,10
Dharshini123,10
Dharshini123,10
Dharshini123,10
Dharshini123,10
Dharshini123,10
Dharshini123,10
Dharshini123,10
Dharshini123,10
Dharshini123,10
Dharshini123,10
Dharshini123,10
Dharshini123,10
Dharshini123,10
Dharshini123,10
Dharshini123,10
Dharshini123,10
Dharshini123,10
Dharshini123,10
Dharshini123,10
Dharshini123,10
Dharshini123,10
Dharshini123,10
Dharshini123,10
Dharshini123,10
Dharshini123,10
Dharshini123,10
Dharshini123,10
Dharshini123,10
Dharshini123,10
Dharshini123,10
Dharshini123,5
Dharshini123,5
Dharshini123,5
Dharshini123,5
Dharshini123,5
Dharshini123,5
Dharshini123,5
Dharshini123,5
Dharshini123,5
Dharshini123,5
Dharshini123,5
Dharshini123,5
Dharshini123,5
Dharshini123,5
Dharshini123,5
Dharshini123,5
Dharshini123,5
Dharshini123,5
Dharshini123,5
Dharshini123,5
Dharshini123,5
Dharshini123,5
Dharshini123,5
Dharshini123,5
Dharshini123,5
Dharshini123,5
Dharshini123,5
Dharshini123,5
Dharshini123,5
Dharshini123,5
Dharshini123,5
Dharshini123,5
Dharshini123,5
Dharshini123,5
Dharshini123,5
Dharshini123,5
Dharshini123,5
Dharshini123,5
Dharshini123,5
Dharshini123,5
Dharshini123,5
Dharshini123,5
Dharshini123,5
Dharshini123,5
Dharshini123,5
Dharshini123,5
Dharshini123,5
Dharshini123,5
Dharshini123,5
Dharshini123,5
Dharshini123,5
Dharshini123,5
Dharshini123,5
Dharshini123,5
Dharshini123,5
Dharshini123,5
Dharshini123,5
Dharshini123,5
Dharshini123,5
Dharshini123,5
Dharshini123,5
Dharshini123,5
Dharshini123,5
Dharshini123,5
Dharshini123,5
Dharshini123,5
Dharshini123,5
Dharshini123,5
Dharshini123,5
Dharshini123,5
Dharshini123,5
Dharshini123,5
Dharshini123,5
Dharshini123,5
Dharshini123,5
Dharshini123,5
Dharshini123,5
Dharshini123,5
Dharshini123,5
Dharshini123,5
Dharshini123,5
Dharshini123,5
Dharshini123,5
Dharshini123,5
Dharshini123,5
Dharshini123,5
Dharshini123,5
Dharshini123,5
Dharshini123,5
Dharshini123,5
Dharshini123,5
Dharshini123,5
Dharshini123,5
Dharshini123,5
Dharshini123,5
Dharshini123,5
Dharshini123,5
Dharshini123,5
Dharshini123,5
Dharshini123,5
Dharshini123,5
Dharshini123,5
Dharshini123,5
Dharshini123,5
Dharshini123,5
Dharshini123,5
Dharshini123,5
Dharshini123,5
Dharshini123,5
Dharshini123,5
Dharshini123,5
Dharshini123,5
Dharshini123,5
Dharshini123,5
Dharshini123,5
Dharshini123,5
Dharshini123,5
Dharshini123,5
Dharshini123,5
Dharshini123,5
Dharshini123,5
Dharshini123,5
Dharshini123,5
Dharshini123,5
Dharshini123,5
Dharshini123,5
Dharshini123,5
Dharshini123,5
Dharshini123,5
Dharshini123,5
Dharshini123,5
Dharshini123,5
Dharshini123,5
Dharshini123,5
Dharshini123,5
Dharshini123,5
Dharshini123,5
Dharshini123,5
Dharshini123,5
Dharshini123,5
Dharshini123,5
Dharshini123,5
Dharshini123,5
Dharshini123,5
Dharshini123,5
Dharshini123,5
Dharshini123,5
Dharshini123,5
Dharshini123,5
Dharshini123,5
Dharshini123,5
Dharshini123,5
Dharshini123,5
Dharshini123,5
Dharshini123,5
Dharshini123,5
Dharshini123,5
Dharshini123,5
Dharshini123,5
Dharshini123,5
Dharshini123,5
Dharshini123,5
Dharshini123,5
Dharshini123,5
Dharshini123,5
Dharshini123,5
Dharshini123,5
Dharshini123,5
Dharshini123,5
Dharshini123,5
Dharshini123,5
Dharshini123,5
Dharshini123,5
Dharshini123,5
Dharshini123,5
Dharshini123,5
Dharshini123,5
Dharshini123,5
Dharshini123,5
Dharshini123,5
Dharshini123,5
Dharshini123,5
Dharshini123,5
Dharshini123,5
Dharshini123,5
Dharshini123,5
Dharshini123,5
Dharshini123,5
Dharshini123,5
Dharshini123,5
Dharshini123,5
Dharshini123,5
Dharshini123,5
Dharshini123,5
Dharshini123,5
Dharshini123,5
Dharshini123,10
Dharshini123,10
Dharshini123,10
Dharshini123,10
Dharshini123,10
Dharshini123,10
Dharshini123,10
Dharshini123,10
Dharshini123,10
Dharshini123,10
Dharshini123,10
Dharshini123,10
Dharshini123,10
Dharshini123,10
Dharshini123,10
Dharshini123,10
Dharshini123,10
Dharshini123,10
Dharshini123,10
Dharshini123,10
Dharshini123,10
Dharshini123,10
Dharshini123,10
Dharshini123,10
Dharshini123,10
Dharshini123,10
Dharshini123,10
Dharshini123,10
Dharshini123,10
Dharshini123,10
Dharshini123,10
Dharshini123,10
Dharshini123,10
Dharshini123,10
Dharshini123,10
Dharshini123,10
Dharshini123,10
Dharshini123,10
Dharshini123,10
Dharshini123,10
Dharshini123,10
Dharshini123,10
Dharshini123,10
Dharshini123,10
Dharshini123,10
Dharshini123,10
Dharshini123,10
Dharshini123,10
Dharshini123,10
Dharshini123,10
Dharshini123,10
Dharshini123,10
Dharshini123,10
Dharshini123,10
Dharshini123,10
Dharshini123,10
Dharshini123,10
Dharshini123,10
Dharshini123,10
Dharshini123,10
Dharshini123,10
Dharshini123,10
Dharshini123,10
Dharshini123,10
Dharshini123,10
Dharshini123,10
Dharshini123,10
Dharshini123,10
Dharshini123,10
Dharshini123,10
Dharshini123,10
Dharshini123,10
Dharshini123,5
Dharshini123,5
Dharshini123,5
Dharshini123,5
Dharshini123,10
Dharshini123,10
Dharshini123,10
Dharshini123,10
Dharshini123,5
Dharshini123,10
Dharshini123,10
Dharshini123,10
Dharshini123,10
Dharshini123,10
Dharshini123,10
Dharshini123,10
Dharshini123,10
Dharshini123,10
Dharshini123,10
Dharshini123,10
Dharshini123,10
Dharshini123,10
Dharshini123,10
Dharshini123,10
Dharshini123,10
Dharshini123,10
Dharshini123,10
Dharshini123,10
Dharshini123,10
Dharshini123,10
Dharshini123,10
Dharshini123,10
Dharshini123,10
Dharshini123,10
Dharshini123,10
Dharshini123,10
Dharshini123,10
Dharshini123,10
Dharshini123,10
Dharshini123,10
Dharshini123,10
Dharshini123,10
Dharshini123,10
Dharshini123,10
Dharshini123,10
Dharshini123,10
Dharshini123,10
Dharshini123,10
Dharshini123,10
Dharshini123,10
Dharshini123,5
Dharshini123,5
Dharshini123,5
Dharshini123,5
Dharshini123,5
Dharshini123,5
Dharshini123,5
Dharshini123,5
Dharshini123,5
Dharshini123,5
Dharshini123,5
Dharshini123,5
Dharshini123,5
Dharshini123,5
Dharshini123,5
Dharshini123,5
Dharshini123,5
Dharshini123,5
Dharshini123,5
Dharshini123,5
Dharshini123,5
Dharshini123,5
Dharshini123,5
Dharshini123,5
Dharshini123,5
Dharshini123,5
Dharshini123,5
Dharshini123,5
Dharshini123,5
Dharshini123,5
Dharshini123,5
Dharshini123,5
Dharshini123,5
Dharshini123,5
Dharshini123,5
Dharshini123,5
Dharshini123,5
Dharshini123,5
Dharshini123,5
Dharshini123,5
Dharshini123,5
Dharshini123,5
Dharshini123,5
Dharshini123,5
Dharshini123,5
Dharshini123,5
Dharshini123,5
Dharshini123,5
Dharshini123,5
Dharshini123,5
Dharshini123,5
Dharshini123,5
Dharshini123,5
Dharshini123,5
Dharshini123,5
Dharshini123,5
Dharshini123,5
Dharshini123,5
Dharshini123,5
Dharshini123,5
Dharshini123,5
Dharshini123,5
Dharshini123,5
Dharshini123,5
Dharshini123,5
Dharshini123,5
Dharshini123,5
Dharshini123,5
Dharshini123,5
Dharshini123,5
Dharshini123,5
Dharshini123,5
Dharshini123,5
Dharshini123,5
Dharshini123,5
Dharshini123,5
Dharshini123,5
Dharshini123,5
Dharshini123,5
Dharshini123,5
Dharshini123,5
Dharshini123,5
Dharshini123,5
Dharshini123,5
Dharshini123,5
Dharshini123,5
Dharshini123,5
Dharshini123,5
Dharshini123,5
Dharshini123,5
Dharshini123,5
Dharshini123,5
Dharshini123,5
Dharshini123,5
Dharshini123,5
Dharshini123,5
Dharshini123,5
Dharshini123,5
Dharshini123,5
Dharshini123,5
Dharshini123,5
Dharshini123,5
Dharshini123,5
Dharshini123,5
Dharshini123,5
Dharshini123,5
Dharshini123,5
Dharshini123,5
Dharshini123,5
Dharshini123,5
Dharshini123,5
Dharshini123,5
Dharshini123,5
Dharshini123,5
Dharshini123,5
Dharshini123,5
Dharshini123,5
Dharshini123,5
Dharshini123,5
Dharshini123,5
Dharshini123,5
Dharshini123,5
Dharshini123,5
Dharshini123,5
Dharshini123,5
Dharshini123,5
Dharshini123,5
Dharshini123,5
Dharshini123,5
Dharshini123,5
Dharshini123,5
Dharshini123,5
Dharshini123,5
Dharshini123,5
Dharshini123,5
Dharshini123,5
Dharshini123,5
Dharshini123,5
Dharshini123,5
Dharshini123,5
Dharshini123,5
Dharshini123,5
Dharshini123,5
Dharshini123,5
Dharshini123,5
Dharshini123,5
Dharshini123,5
Dharshini123,5
Dharshini123,5
Dharshini123,5
Dharshini123,5
Dharshini123,10
Dharshini123,10
Dharshini123,5
Dharshini123,5
Dharshini123,5
Dharshini123,5
Dharshini123,5
Dharshini123,5
Dharshini123,5
Dharshini123,5
Dharshini123,5
Dharshini123,5
Dharshini123,5
Dharshini123,5
Dharshini123,5
Dharshini123,5
Dharshini123,5
Dharshini123,5
Dharshini123,5
Dharshini123,5
Dharshini123,5
Dharshini123,5
Dharshini123,5
Dharshini123,5
Dharshini123,5
Dharshini123,5
Dharshini123,5
Dharshini123,5
Dharshini123,5
Dharshini123,5
Dharshini123,5
Dharshini123,5
Dharshini123,5
Dharshini123,5
Dharshini123,5
Dharshini123,5
Dharshini123,5
Dharshini123,5
Dharshini123,5
Dharshini123,5
Dharshini123,5
Dharshini123,5
Dharshini123,5
Dharshini123,5
Dharshini123,5
Dharshini123,5
Dharshini123,5
Dharshini123,5
Dharshini123,10
Dharshini123,10
Dharshini123,10
Dharshini123,10
Dharshini123,10
Dharshini123,10
Dharshini123,10
Dharshini123,10
Dharshini123,10
Dharshini123,10
Dharshini123,10
Dharshini123,10
Dharshini123,10
Dharshini123,10
Dharshini123,10
Dharshini123,10
Dharshini123,10
Dharshini123,10
Dharshini123,10
Dharshini123,10
Dharshini123,10
Dharshini123,10
Dharshini123,10
Dharshini123,10
Dharshini123,10
Dharshini123,10
Dharshini123,10
Dharshini123,10
Dharshini123,10
Dharshini123,10
Dharshini123,10
Dharshini123,10
Dharshini123,10
Dharshini123,10
Dharshini123,10
Dharshini123,10
Dharshini123,10
Dharshini123,10
Dharshini123,10
Dharshini123,10
Dharshini123,10
Dharshini123,10
Dharshini123,10
Dharshini123,10
Dharshini123,10
Dharshini123,10
Dharshini123,10
Dharshini123,10
Dharshini123,10
Dharshini123,10
Dharshini123,10
Dharshini123,10
Dharshini123,10
Dharshini123,10
Dharshini123,10
Dharshini123,10
Dharshini123,10
Dharshini123,10
Dharshini123,10
Dharshini123,10
Dharshini123,10
Dharshini123,10
Dharshini123,10
Dharshini123,10
Dharshini123,10
Dharshini123,10
Dharshini123,10
Dharshini123,10
Dharshini123,10
Dharshini123,10
Dharshini123,10
Dharshini123,10
Dharshini123,10
Dharshini123,10
Dharshini123,10
Dharshini123,10
Dharshini123,10
Dharshini123,10
Dharshini123,10
Dharshini123,10
Dharshini123,10
Dharshini123,10
Dharshini123,10
Dharshini123,10
Dharshini123,10
Dharshini123,10
Dharshini123,10
Dharshini123,10
Dharshini123,10
Dharshini123,10
Dharshini123,10
Dharshini123,10
Dharshini123,10
Dharshini123,10
Dharshini123,10
Dharshini123,10
Dharshini123,10
Dharshini123,10
Dharshini123,10
Dharshini123,5
Dharshini123,5
Dharshini123,5
Dharshini123,5
Dharshini123,5
Dharshini123,5
Dharshini123,5
Dharshini123,5
Dharshini123,5
Dharshini123,5
Dharshini123,5
Dharshini123,5
Dharshini123,5
Dharshini123,5
Dharshini123,5
Dharshini123,5
Dharshini123,5
Dharshini123,5
Dharshini123,5
Dharshini123,5
Dharshini123,5
Dharshini123,5
Dharshini123,5
Dharshini123,5
Dharshini123,5
Dharshini123,5
Dharshini123,5
Dharshini123,5
Dharshini123,5
Dharshini123,5
Dharshini123,5
Dharshini123,5
Dharshini123,5
Dharshini123,5
Dharshini123,5
Dharshini123,5
Dharshini123,5
Dharshini123,5
Dharshini123,5
Dharshini123,5
Dharshini123,5
Dharshini123,5
Dharshini123,5
Dharshini123,5
Dharshini123,5
Dharshini123,5
Dharshini123,5
Dharshini123,5
Dharshini123,5
Dharshini123,5
Dharshini123,5
Dharshini123,5
Dharshini123,5
Dharshini123,5
Dharshini123,5
Dharshini123,5
Dharshini123,5
Dharshini123,5
Dharshini123,5
Dharshini123,5
Dharshini123,5
Dharshini123,5
Dharshini123,5
Dharshini123,5
Dharshini123,5
Dharshini123,5
Dharshini123,5
Dharshini123,5
Dharshini123,5
Dharshini123,5
Dharshini123,5
Dharshini123,5
Dharshini123,5
Dharshini123,5
Dharshini123,5
Dharshini123,5
Dharshini123,5
Dharshini123,5
Dharshini123,5
Dharshini123,5
Dharshini123,5
Dharshini123,5
Dharshini123,5
Dharshini123,5
Dharshini123,5
Dharshini123,5
Dharshini123,5
Dharshini123,5
Dharshini123,5
Dharshini123,5
Dharshini123,5
Dharshini123,5
Dharshini123,5
Dharshini123,5
Dharshini123,5
Dharshini123,5
Dharshini123,5
Dharshini123,5
Dharshini123,5
Dharshini123,5
Dharshini123,5
Dharshini123,5
Dharshini123,5
Dharshini123,5
Dharshini123,5
Dharshini123,5
Dharshini123,5
Dharshini123,5
Dharshini123,5
Dharshini123,5
Dharshini123,5
Dharshini123,5
Dharshini123,5
Dharshini123,5
Dharshini123,5
Dharshini123,5
Dharshini123,5
Dharshini123,5
Dharshini123,5
Dharshini123,5
Dharshini123,5
Dharshini123,5
Dharshini123,5
Dharshini123,5
Dharshini123,5
Dharshini123,10
Dharshini123,10
Dharshini123,10
Dharshini123,10
Dharshini123,10
Dharshini123,10
Dharshini123,10
Dharshini123,10
Dharshini123,10
Dharshini123,10
Dharshini123,10
Dharshini123,10
Dharshini123,10
Dharshini123,10
Dharshini123,10
Dharshini123,10
Dharshini123,10
Dharshini123,10
Dharshini123,10
Dharshini123,10
Dharshini123,10
Dharshini123,10
Dharshini123,10
Dharshini123,10
Dharshini123,10
Dharshini123,10
Dharshini123,10
Dharshini123,10
Dharshini123,10
Dharshini123,10
Dharshini123,10
Dharshini123,10
Dharshini123,10
Dharshini123,10
Dharshini123,10
Dharshini123,10
Dharshini123,10
Dharshini123,10
Dharshini123,10
Dharshini123,10
Dharshini123,10
Dharshini123,10
Dharshini123,10
Dharshini123,10
Dharshini123,10
Dharshini123,5
Dharshini123,5
Dharshini123,5
Dharshini123,10
Dharshini123,10
Dharshini123,5
Dharshini123,5
Dharshini123,5
Dharshini123,5
Dharshini123,5
Dharshini123,5
Dharshini123,5
Dharshini123,10
Dharshini123,10
Dharshini123,10
Dharshini123,10
Dharshini123,10
Dharshini123,10
Dharshini123,10
Dharshini123,10
Dharshini123,10
Dharshini123,10
Dharshini123,10
Dharshini123,10
Dharshini123,10
Dharshini123,10
Dharshini123,10
Dharshini123,10
Dharshini123,10
Dharshini123,10
Dharshini123,10
Dharshini123,10
Dharshini123,10
Dharshini123,10
Dharshini123,10
Dharshini123,10
Dharshini123,10
Dharshini123,10
Dharshini123,10
Dharshini123,10
Dharshini123,10
Dharshini123,10
Dharshini123,10
Dharshini123,10
Dharshini123,10
Dharshini123,10
Dharshini123,10
Dharshini123,10
Dharshini123,10
Dharshini123,10
Dharshini123,10
Dharshini123,10
Dharshini123,10
2025-10-14 10:27:54,dharshini,metal,10
2025-10-14 10:28:03,dharshini,plastic,5
2025-10-14 10:35:00,Harini,metal,10
2025-10-14 10:37:47,Harini,metal,10
2025-10-14 10:37:59,Harini,plastic,5
2025-10-14 10:38:11,Harini,plastic,5
2025-10-14 10:38:18,Harini,metal,10
2025-10-14 10:38:30,Harini,metal,10
2025-10-14 19:31:12,Hariharan,metal,10
2025-10-14 19:31:39,Hariharan,metal,10
2025-10-14 19:32:28,durga,metal,10
2025-10-14 19:32:34,durga,metal,10
2025-10-14 19:32:42,durga,plastic,5
2025-10-15 17:37:09,Sarvesh,plastic,5
2025-10-15 17:37:25,Sarvesh,metal,10
2025-10-15 17:37:45,Sarvesh,plastic,5
2025-10-15 17:38:03,Sarvesh,plastic,5
